{"current":{"checkout_header_image":"","checkout_logo_image":"","checkout_logo_position":"left","checkout_logo_size":"medium","checkout_body_background_image":"","checkout_body_background_color":"#fff","checkout_input_background_color_mode":"white","checkout_sidebar_background_image":"","checkout_sidebar_background_color":"#fafafa","checkout_heading_font":"-apple-system, BlinkMacSystemFont, 'Segoe UI', Roboto, Helvetica, Arial, sans-serif, 'Apple Color Emoji', 'Segoe UI Emoji', 'Segoe UI Symbol'","checkout_body_font":"-apple-system, BlinkMacSystemFont, 'Segoe UI', Roboto, Helvetica, Arial, sans-serif, 'Apple Color Emoji', 'Segoe UI Emoji', 'Segoe UI Symbol'","checkout_accent_color":"#197bbd","checkout_button_color":"#197bbd","checkout_error_color":"#e32c2b","sections":{"1600278134252":{"type":"home-featured_content","blocks":{"1600357817780":{"type":"blocks","settings":{"image":"shopify:\/\/shop_images\/1st.png","heading":"Functional Design","sub_heading":"Products designed to make parents lives easier"}},"1600357840468":{"type":"blocks","settings":{"image":"shopify:\/\/shop_images\/2nd.png","heading":"Parent Tested","sub_heading":"Tested with real parents to ensure the best results"}},"1600357865860":{"type":"blocks","settings":{"image":"shopify:\/\/shop_images\/3rd.png","heading":"Technology","sub_heading":"Tested w(FPO)arents to ensure the best results"}}},"block_order":["1600357817780","1600357840468","1600357865860"],"settings":{}},"1600361563786":{"type":"home-featured_collection","blocks":{"1600361569559":{"type":"blocks","settings":{"collection":"collection-1","img1":"shopify:\/\/shop_images\/Image.jpg","img2":"shopify:\/\/shop_images\/Image_3.jpg","mobile_img":"shopify:\/\/shop_images\/mR4_family-a2dbc7c11bd16b07bb2a0a2aa1d032e4_1.png"}},"1600361647350":{"type":"blocks","settings":{"collection":"collection-2","img1":"shopify:\/\/shop_images\/Image_1.jpg","img2":"shopify:\/\/shop_images\/Image.jpg","mobile_img":"shopify:\/\/shop_images\/Playard.png"}},"1600361666150":{"type":"blocks","settings":{"collection":"collection-3","img1":"shopify:\/\/shop_images\/Image_2.jpg","img2":"shopify:\/\/shop_images\/Image_3.jpg","mobile_img":"shopify:\/\/shop_images\/mR4_family-a2dbc7c11bd16b07bb2a0a2aa1d032e4_1.png"}},"1600361751294":{"type":"blocks","settings":{"collection":"frontpage","img1":"shopify:\/\/shop_images\/Image_3.jpg","img2":"shopify:\/\/shop_images\/Image_2.jpg","mobile_img":"shopify:\/\/shop_images\/mRsleep_front_01-94da53dcd421376f61a344cbb9b8bc31_1.png"}},"1600361781902":{"type":"blocks","settings":{"collection":"collection-1","img1":"shopify:\/\/shop_images\/Image_4.jpg","img2":"shopify:\/\/shop_images\/Image.png","mobile_img":"shopify:\/\/shop_images\/Playard.png"}},"1600361817982":{"type":"blocks","settings":{"collection":"collection-2","img1":"shopify:\/\/shop_images\/Image.png","img2":"shopify:\/\/shop_images\/Image_4.jpg","mobile_img":"shopify:\/\/shop_images\/mRsleep_front_01-94da53dcd421376f61a344cbb9b8bc31_1.png"}}},"block_order":["1600361569559","1600361647350","1600361666150","1600361751294","1600361781902","1600361817982"],"settings":{}}},"content_for_index":["1600278134252","1600361563786"]}}